Ward,District,Area,Latitude,Longitude
Phường Tân Định,Quận 1,"Phường Tân Định, Quận 1",10.79266,106.69129
Phường Đa Kao,Quận 1,"Phường Đa Kao, Quận 1",10.78839,106.69759
Phường Bến Nghé,Quận 1,"Phường Bến Nghé, Quận 1",10.78133,106.70537
Phường Bến Thành,Quận 1,"Phường Bến Thành, Quận 1",10.77323,106.69899
Phường Nguyễn Thái Bình,Quận 1,"Phường Nguyễn Thái Bình, Quận 1",10.7679,106.7005
Phường Phạm Ngũ Lão,Quận 1,"Phường Phạm Ngũ Lão, Quận 1",10.76856,106.69304
Phường Cầu Ông Lãnh,Quận 1,"Phường Cầu Ông Lãnh, Quận 1",10.76584,106.69669
Phường Cô Giang,Quận 1,"Phường Cô Giang, Quận 1",10.76232,106.69396
Phường Nguyễn Cư Trinh,Quận 1,"Phường Nguyễn Cư Trinh, Quận 1",10.76277,106.68727
Phường Cầu Kho,Quận 1,"Phường Cầu Kho, Quận 1",10.75796,106.68882
Phường Thạnh Xuân,Quận 12,"Phường Thạnh Xuân, Quận 12",10.87865,106.67744
Phường Thạnh Lộc,Quận 12,"Phường Thạnh Lộc, Quận 12",10.88037,106.68707
Phường Hiệp Thành,Quận 12,"Phường Hiệp Thành, Quận 12",10.88074,106.63852
Phường Thới An,Quận 12,"Phường Thới An, Quận 12",10.87569,106.65485
Phường Tân Chánh Hiệp,Quận 12,"Phường Tân Chánh Hiệp, Quận 12",10.86648,106.62745
Phường An Phú Đông,Quận 12,"Phường An Phú Đông, Quận 12",10.85987,106.69947
Phường Tân Thới Hiệp,Quận 12,"Phường Tân Thới Hiệp, Quận 12",10.86325,106.64039
Phường Trung Mỹ Tây,Quận 12,"Phường Trung Mỹ Tây, Quận 12",10.85659,106.61617
Phường Tân Hưng Thuận,Quận 12,"Phường Tân Hưng Thuận, Quận 12",10.84259,106.62223
Phường Đông Hưng Thuận,Quận 12,"Phường Đông Hưng Thuận, Quận 12",10.83851,106.62963
Phường Tân Thới Nhất,Quận 12,"Phường Tân Thới Nhất, Quận 12",10.8296,106.61531
Phường Linh Xuân,Quận Thủ Đức,"Phường Linh Xuân, Quận Thủ Đức",10.88217,106.77025
Phường Bình Chiểu,Quận Thủ Đức,"Phường Bình Chiểu, Quận Thủ Đức",10.88364,106.72796
Phường Linh Trung,Quận Thủ Đức,"Phường Linh Trung, Quận Thủ Đức",10.86455,106.78103
Phường Tam Bình,Quận Thủ Đức,"Phường Tam Bình, Quận Thủ Đức",10.86694,106.73403
Phường Tam Phú,Quận Thủ Đức,"Phường Tam Phú, Quận Thủ Đức",10.85935,106.74077
Phường Hiệp Bình Phước,Quận Thủ Đức,"Phường Hiệp Bình Phước, Quận Thủ Đức",10.84367,106.71568
Phường Hiệp Bình Chánh,Quận Thủ Đức,"Phường Hiệp Bình Chánh, Quận Thủ Đức",10.83438,106.72825
Phường Linh Chiểu,Quận Thủ Đức,"Phường Linh Chiểu, Quận Thủ Đức",10.85559,106.76157
Phường Linh Tây,Quận Thủ Đức,"Phường Linh Tây, Quận Thủ Đức",10.86549,106.75359
Phường Linh Đông,Quận Thủ Đức,"Phường Linh Đông, Quận Thủ Đức",10.84803,106.74344
Phường Bình Thọ,Quận Thủ Đức,"Phường Bình Thọ, Quận Thủ Đức",10.84521,106.76623
Phường Trường Thọ,Quận Thủ Đức,"Phường Trường Thọ, Quận Thủ Đức",10.83294,106.75646
Phường Long Bình,Quận 9,"Phường Long Bình, Quận 9",10.8478,106.83847
Phường Long Thạnh Mỹ,Quận 9,"Phường Long Thạnh Mỹ, Quận 9",10.8454,106.81973
Phường Tân Phú,Quận 9,"Phường Tân Phú, Quận 9",10.86124,106.7985
Phường Hiệp Phú,Quận 9,"Phường Hiệp Phú, Quận 9",10.84796,106.78068
Phường Tăng Nhơn Phú A,Quận 9,"Phường Tăng Nhơn Phú A, Quận 9",10.84713,106.79069
Phường Tăng Nhơn Phú B,Quận 9,"Phường Tăng Nhơn Phú B, Quận 9",10.83772,106.78112
Phường Phước Long B,Quận 9,"Phường Phước Long B, Quận 9",10.81234,106.78202
Phường Phước Long A,Quận 9,"Phường Phước Long A, Quận 9",10.8259,106.76417
Phường Trường Thạnh,Quận 9,"Phường Trường Thạnh, Quận 9",10.82475,106.82999
Phường Long Phước,Quận 9,"Phường Long Phước, Quận 9",10.80717,106.85952
Phường Long Trường,Quận 9,"Phường Long Trường, Quận 9",10.80603,106.82187
Phường Phước Bình,Quận 9,"Phường Phước Bình, Quận 9",10.81513,106.77127
Phường Phú Hữu,Quận 9,"Phường Phú Hữu, Quận 9",10.79353,106.80007
Phường 15,Quận Gò Vấp,"Phường 15, Quận Gò Vấp",10.85008,106.67018
Phường 13,Quận Gò Vấp,"Phường 13, Quận Gò Vấp",10.85494,106.65897
Phường 17,Quận Gò Vấp,"Phường 17, Quận Gò Vấp",10.83854,106.67777
Phường 6,Quận Gò Vấp,"Phường 6, Quận Gò Vấp",10.84157,106.68009
Phường 16,Quận Gò Vấp,"Phường 16, Quận Gò Vấp",10.84783,106.66306
Phường 12,Quận Gò Vấp,"Phường 12, Quận Gò Vấp",10.83524,106.63927
Phường 14,Quận Gò Vấp,"Phường 14, Quận Gò Vấp",10.85347,106.64875
Phường 10,Quận Gò Vấp,"Phường 10, Quận Gò Vấp",10.83398,106.66531
Phường 5,Quận Gò Vấp,"Phường 5, Quận Gò Vấp",10.83527,106.6878
Phường 7,Quận Gò Vấp,"Phường 7, Quận Gò Vấp",10.82891,106.68337
Phường 4,Quận Gò Vấp,"Phường 4, Quận Gò Vấp",10.82099,106.68404
Phường 1,Quận Gò Vấp,"Phường 1, Quận Gò Vấp",10.81869,106.68838
Phường 9,Quận Gò Vấp,"Phường 9, Quận Gò Vấp",10.84647,106.65113
Phường 8,Quận Gò Vấp,"Phường 8, Quận Gò Vấp",10.84197,106.64844
Phường 11,Quận Gò Vấp,"Phường 11, Quận Gò Vấp",10.84178,106.66127
Phường 3,Quận Gò Vấp,"Phường 3, Quận Gò Vấp",10.81712,106.67874
Phường 13,Quận Bình Thạnh,"Phường 13, Quận Bình Thạnh",10.8294,106.70531
Phường 11,Quận Bình Thạnh,"Phường 11, Quận Bình Thạnh",10.81732,106.69397
Phường 27,Quận Bình Thạnh,"Phường 27, Quận Bình Thạnh",10.81586,106.71928
Phường 26,Quận Bình Thạnh,"Phường 26, Quận Bình Thạnh",10.81295,106.71085
Phường 12,Quận Bình Thạnh,"Phường 12, Quận Bình Thạnh",10.81157,106.69868
Phường 25,Quận Bình Thạnh,"Phường 25, Quận Bình Thạnh",10.80624,106.71864
Phường 5,Quận Bình Thạnh,"Phường 5, Quận Bình Thạnh",10.81259,106.68755
Phường 7,Quận Bình Thạnh,"Phường 7, Quận Bình Thạnh",10.80768,106.69283
Phường 24,Quận Bình Thạnh,"Phường 24, Quận Bình Thạnh",10.80596,106.70559
Phường 6,Quận Bình Thạnh,"Phường 6, Quận Bình Thạnh",10.80753,106.68666
Phường 14,Quận Bình Thạnh,"Phường 14, Quận Bình Thạnh",10.80733,106.69626
Phường 15,Quận Bình Thạnh,"Phường 15, Quận Bình Thạnh",10.8011,106.70638
Phường 2,Quận Bình Thạnh,"Phường 2, Quận Bình Thạnh",10.79926,106.70032
Phường 1,Quận Bình Thạnh,"Phường 1, Quận Bình Thạnh",10.8,106.69718
Phường 3,Quận Bình Thạnh,"Phường 3, Quận Bình Thạnh",10.79832,106.6939
Phường 17,Quận Bình Thạnh,"Phường 17, Quận Bình Thạnh",10.79777,106.7061
Phường 21,Quận Bình Thạnh,"Phường 21, Quận Bình Thạnh",10.79682,106.71157
Phường 22,Quận Bình Thạnh,"Phường 22, Quận Bình Thạnh",10.79161,106.71852
Phường 19,Quận Bình Thạnh,"Phường 19, Quận Bình Thạnh",10.79113,106.70997
Phường 28,Quận Bình Thạnh,"Phường 28, Quận Bình Thạnh",10.82703,106.73712
Phường 2,Quận Tân Bình,"Phường 2, Quận Tân Bình",10.80607,106.66708
Phường 4,Quận Tân Bình,"Phường 4, Quận Tân Bình",10.80356,106.66031
Phường 12,Quận Tân Bình,"Phường 12, Quận Tân Bình",10.8052,106.65067
Phường 13,Quận Tân Bình,"Phường 13, Quận Tân Bình",10.80644,106.64184
Phường 1,Quận Tân Bình,"Phường 1, Quận Tân Bình",10.799,106.66717
Phường 3,Quận Tân Bình,"Phường 3, Quận Tân Bình",10.79347,106.66298
Phường 11,Quận Tân Bình,"Phường 11, Quận Tân Bình",10.7894,106.64837
Phường 7,Quận Tân Bình,"Phường 7, Quận Tân Bình",10.7854,106.65541
Phường 5,Quận Tân Bình,"Phường 5, Quận Tân Bình",10.78916,106.66283
Phường 10,Quận Tân Bình,"Phường 10, Quận Tân Bình",10.78354,106.64826
Phường 6,Quận Tân Bình,"Phường 6, Quận Tân Bình",10.7855,106.65808
Phường 8,Quận Tân Bình,"Phường 8, Quận Tân Bình",10.78482,106.65312
Phường 9,Quận Tân Bình,"Phường 9, Quận Tân Bình",10.77727,106.65236
Phường 14,Quận Tân Bình,"Phường 14, Quận Tân Bình",10.79796,106.64317
Phường 15,Quận Tân Bình,"Phường 15, Quận Tân Bình",10.82308,106.65034
Phường Tân Sơn Nhì,Quận Tân Phú,"Phường Tân Sơn Nhì, Quận Tân Phú",10.79891,106.63193
Phường Tây Thạnh,Quận Tân Phú,"Phường Tây Thạnh, Quận Tân Phú",10.81451,106.6203
Phường Sơn Kỳ,Quận Tân Phú,"Phường Sơn Kỳ, Quận Tân Phú",10.8037,106.62264
Phường Tân Quý,Quận Tân Phú,"Phường Tân Quý, Quận Tân Phú",10.79493,106.62133
Phường Tân Thành,Quận Tân Phú,"Phường Tân Thành, Quận Tân Phú",10.79073,106.63455
Phường Phú Thọ Hòa,Quận Tân Phú,"Phường Phú Thọ Hòa, Quận Tân Phú",10.78471,106.62762
Phường Phú Thạnh,Quận Tân Phú,"Phường Phú Thạnh, Quận Tân Phú",10.77916,106.62847
Phường Phú Trung,Quận Tân Phú,"Phường Phú Trung, Quận Tân Phú",10.77914,106.64196
Phường Hòa Thạnh,Quận Tân Phú,"Phường Hòa Thạnh, Quận Tân Phú",10.78047,106.63611
Phường Hiệp Tân,Quận Tân Phú,"Phường Hiệp Tân, Quận Tân Phú",10.77184,106.62722
Phường Tân Thới Hòa,Quận Tân Phú,"Phường Tân Thới Hòa, Quận Tân Phú",10.7639,106.62992
Phường 4,Quận Phú Nhuận,"Phường 4, Quận Phú Nhuận",10.80897,106.6806
Phường 5,Quận Phú Nhuận,"Phường 5, Quận Phú Nhuận",10.80724,106.68267
Phường 9,Quận Phú Nhuận,"Phường 9, Quận Phú Nhuận",10.80583,106.67327
Phường 7,Quận Phú Nhuận,"Phường 7, Quận Phú Nhuận",10.8015,106.68849
Phường 3,Quận Phú Nhuận,"Phường 3, Quận Phú Nhuận",10.80281,106.68203
Phường 1,Quận Phú Nhuận,"Phường 1, Quận Phú Nhuận",10.79868,106.6823
Phường 2,Quận Phú Nhuận,"Phường 2, Quận Phú Nhuận",10.79719,106.68757
Phường 8,Quận Phú Nhuận,"Phường 8, Quận Phú Nhuận",10.7985,106.67374
Phường 15,Quận Phú Nhuận,"Phường 15, Quận Phú Nhuận",10.79652,106.67942
Phường 10,Quận Phú Nhuận,"Phường 10, Quận Phú Nhuận",10.79577,106.67041
Phường 11,Quận Phú Nhuận,"Phường 11, Quận Phú Nhuận",10.79381,106.67454
Phường 17,Quận Phú Nhuận,"Phường 17, Quận Phú Nhuận",10.79346,106.68296
Phường 14,Quận Phú Nhuận,"Phường 14, Quận Phú Nhuận",10.7922,106.66855
Phường 12,Quận Phú Nhuận,"Phường 12, Quận Phú Nhuận",10.79312,106.67795
Phường 13,Quận Phú Nhuận,"Phường 13, Quận Phú Nhuận",10.7911,106.66946
Phường Thảo Điền,Quận 2,"Phường Thảo Điền, Quận 2",10.81029,106.72968
Phường An Phú,Quận 2,"Phường An Phú, Quận 2",10.80157,106.7537
Phường Bình An,Quận 2,"Phường Bình An, Quận 2",10.79289,106.73089
Phường Bình Trưng Đông,Quận 2,"Phường Bình Trưng Đông, Quận 2",10.78512,106.77806
Phường Bình Trưng Tây,Quận 2,"Phường Bình Trưng Tây, Quận 2",10.78312,106.76463
Phường Bình Khánh,Quận 2,"Phường Bình Khánh, Quận 2",10.78595,106.73446
Phường An Khánh,Quận 2,"Phường An Khánh, Quận 2",10.78067,106.7205
Phường Cát Lái,Quận 2,"Phường Cát Lái, Quận 2",10.76581,106.79225
Phường Thạnh Mỹ Lợi,Quận 2,"Phường Thạnh Mỹ Lợi, Quận 2",10.77088,106.7704
Phường An Lợi Đông,Quận 2,"Phường An Lợi Đông, Quận 2",10.77639,106.72771
Phường Thủ Thiêm,Quận 2,"Phường Thủ Thiêm, Quận 2",10.77239,106.70994
Phường 8,Quận 3,"Phường 8, Quận 3",10.78966,106.68749
Phường 7,Quận 3,"Phường 7, Quận 3",10.78257,106.68545
Phường 14,Quận 3,"Phường 14, Quận 3",10.79181,106.67983
Phường 12,Quận 3,"Phường 12, Quận 3",10.78886,106.67373
Phường 11,Quận 3,"Phường 11, Quận 3",10.78479,106.6709
Phường 13,Quận 3,"Phường 13, Quận 3",10.78594,106.67841
Phường 6,Quận 3,"Phường 6, Quận 3",10.77995,106.69231
Phường 9,Quận 3,"Phường 9, Quận 3",10.78367,106.67849
Phường 10,Quận 3,"Phường 10, Quận 3",10.77999,106.67808
Phường 4,Quận 3,"Phường 4, Quận 3",10.77327,106.68318
Phường 5,Quận 3,"Phường 5, Quận 3",10.77171,106.68582
Phường 3,Quận 3,"Phường 3, Quận 3",10.77021,106.67846
Phường 2,Quận 3,"Phường 2, Quận 3",10.76744,106.68102
Phường 1,Quận 3,"Phường 1, Quận 3",10.76785,106.67767
Phường 15,Quận 10,"Phường 15, Quận 10",10.78214,106.66425
Phường 13,Quận 10,"Phường 13, Quận 10",10.77659,106.66661
Phường 14,Quận 10,"Phường 14, Quận 10",10.77319,106.66109
Phường 12,Quận 10,"Phường 12, Quận 10",10.77517,106.6716
Phường 11,Quận 10,"Phường 11, Quận 10",10.77332,106.67832
Phường 10,Quận 10,"Phường 10, Quận 10",10.7684,106.66846
Phường 9,Quận 10,"Phường 9, Quận 10",10.76645,106.67083
Phường 1,Quận 10,"Phường 1, Quận 10",10.76552,106.67575
Phường 8,Quận 10,"Phường 8, Quận 10",10.76529,106.66587
Phường 2,Quận 10,"Phường 2, Quận 10",10.76302,106.67364
Phường 4,Quận 10,"Phường 4, Quận 10",10.76417,106.66964
Phường 7,Quận 10,"Phường 7, Quận 10",10.76218,106.66112
Phường 5,Quận 10,"Phường 5, Quận 10",10.76147,106.66669
Phường 6,Quận 10,"Phường 6, Quận 10",10.76179,106.66355
Phường 3,Quận 10,"Phường 3, Quận 10",10.76264,106.67188
Phường 15,Quận 11,"Phường 15, Quận 11",10.77069,106.65599
Phường 5,Quận 11,"Phường 5, Quận 11",10.77259,106.64638
Phường 14,Quận 11,"Phường 14, Quận 11",10.76849,106.64851
Phường 11,Quận 11,"Phường 11, Quận 11",10.76547,106.65059
Phường 3,Quận 11,"Phường 3, Quận 11",10.76207,106.63952
Phường 10,Quận 11,"Phường 10, Quận 11",10.76316,106.64315
Phường 13,Quận 11,"Phường 13, Quận 11",10.76441,106.65338
Phường 8,Quận 11,"Phường 8, Quận 11",10.76148,106.64843
Phường 9,Quận 11,"Phường 9, Quận 11",10.76211,106.64534
Phường 12,Quận 11,"Phường 12, Quận 11",10.76112,106.65257
Phường 7,Quận 11,"Phường 7, Quận 11",10.761,106.65956
Phường 6,Quận 11,"Phường 6, Quận 11",10.75909,106.65345
Phường 4,Quận 11,"Phường 4, Quận 11",10.75752,106.65362
Phường 1,Quận 11,"Phường 1, Quận 11",10.75641,106.63899
Phường 2,Quận 11,"Phường 2, Quận 11",10.75705,106.64369
Phường 16,Quận 11,"Phường 16, Quận 11",10.75624,106.64867
Phường 12,Quận 4,"Phường 12, Quận 4",10.76624,106.70528
Phường 13,Quận 4,"Phường 13, Quận 4",10.76174,106.70962
Phường 9,Quận 4,"Phường 9, Quận 4",10.76385,106.70161
Phường 6,Quận 4,"Phường 6, Quận 4",10.76114,106.6998
Phường 8,Quận 4,"Phường 8, Quận 4",10.76046,106.70236
Phường 10,Quận 4,"Phường 10, Quận 4",10.7611,106.7061
Phường 5,Quận 4,"Phường 5, Quận 4",10.7595,106.69749
Phường 18,Quận 4,"Phường 18, Quận 4",10.75852,106.71515
Phường 14,Quận 4,"Phường 14, Quận 4",10.758,106.70902
Phường 4,Quận 4,"Phường 4, Quận 4",10.75612,106.70337
Phường 3,Quận 4,"Phường 3, Quận 4",10.75535,106.69942
Phường 16,Quận 4,"Phường 16, Quận 4",10.75415,106.7109
Phường 2,Quận 4,"Phường 2, Quận 4",10.75642,106.69502
Phường 15,Quận 4,"Phường 15, Quận 4",10.7541,106.70829
Phường 1,Quận 4,"Phường 1, Quận 4",10.75472,106.69124
Phường 4,Quận 5,"Phường 4, Quận 5",10.76152,106.67953
Phường 9,Quận 5,"Phường 9, Quận 5",10.75855,106.67084
Phường 3,Quận 5,"Phường 3, Quận 5",10.75916,106.68044
Phường 12,Quận 5,"Phường 12, Quận 5",10.75633,106.66105
Phường 2,Quận 5,"Phường 2, Quận 5",10.75655,106.6811
Phường 8,Quận 5,"Phường 8, Quận 5",10.75614,106.67183
Phường 15,Quận 5,"Phường 15, Quận 5",10.75496,106.65294
Phường 7,Quận 5,"Phường 7, Quận 5",10.75441,106.67459
Phường 1,Quận 5,"Phường 1, Quận 5",10.75396,106.68198
Phường 11,Quận 5,"Phường 11, Quận 5",10.7534,106.66285
Phường 14,Quận 5,"Phường 14, Quận 5",10.75226,106.65539
Phường 5,Quận 5,"Phường 5, Quận 5",10.75153,106.67487
Phường 6,Quận 5,"Phường 6, Quận 5",10.75188,106.6695
Phường 10,Quận 5,"Phường 10, Quận 5",10.75147,106.66279
Phường 13,Quận 5,"Phường 13, Quận 5",10.74926,106.65711
Phường 14,Quận 6,"Phường 14, Quận 6",10.75847,106.63002
Phường 13,Quận 6,"Phường 13, Quận 6",10.75386,106.62849
Phường 9,Quận 6,"Phường 9, Quận 6",10.75219,106.64041
Phường 6,Quận 6,"Phường 6, Quận 6",10.75159,106.6451
Phường 12,Quận 6,"Phường 12, Quận 6",10.75047,106.63534
Phường 5,Quận 6,"Phường 5, Quận 6",10.74856,106.64252
Phường 11,Quận 6,"Phường 11, Quận 6",10.74522,106.63282
Phường 2,Quận 6,"Phường 2, Quận 6",10.75045,106.65098
Phường 1,Quận 6,"Phường 1, Quận 6",10.74735,106.65203
Phường 4,Quận 6,"Phường 4, Quận 6",10.74612,106.64562
Phường 8,Quận 6,"Phường 8, Quận 6",10.74208,106.63958
Phường 3,Quận 6,"Phường 3, Quận 6",10.74368,106.64693
Phường 7,Quận 6,"Phường 7, Quận 6",10.73946,106.64018
Phường 10,Quận 6,"Phường 10, Quận 6",10.73765,106.62931
Phường 8,Quận 8,"Phường 8, Quận 8",10.75032,106.67979
Phường 2,Quận 8,"Phường 2, Quận 8",10.74697,106.68576
Phường 1,Quận 8,"Phường 1, Quận 8",10.74564,106.6895
Phường 3,Quận 8,"Phường 3, Quận 8",10.74558,106.68299
Phường 11,Quận 8,"Phường 11, Quận 8",10.74863,106.66512
Phường 9,Quận 8,"Phường 9, Quận 8",10.74692,106.6727
Phường 10,Quận 8,"Phường 10, Quận 8",10.74663,106.66474
Phường 4,Quận 8,"Phường 4, Quận 8",10.7412,106.67647
Phường 13,Quận 8,"Phường 13, Quận 8",10.74564,106.65523
Phường 12,Quận 8,"Phường 12, Quận 8",10.74549,106.65857
Phường 5,Quận 8,"Phường 5, Quận 8",10.73948,106.66213
Phường 14,Quận 8,"Phường 14, Quận 8",10.7403,106.65234
Phường 6,Quận 8,"Phường 6, Quận 8",10.7359,106.65212
Phường 15,Quận 8,"Phường 15, Quận 8",10.73317,106.64059
Phường 16,Quận 8,"Phường 16, Quận 8",10.72001,106.62321
Phường 7,Quận 8,"Phường 7, Quận 8",10.7049,106.62009
Phường Bình Hưng Hòa,Quận Bình Tân,"Phường Bình Hưng Hòa, Quận Bình Tân",10.80635,106.59995
Phường Bình Hưng Hoà A,Quận Bình Tân,"Phường Bình Hưng Hoà A, Quận Bình Tân",10.78956,106.6041
Phường Bình Hưng Hoà B,Quận Bình Tân,"Phường Bình Hưng Hoà B, Quận Bình Tân",10.79995,106.5832
Phường Bình Trị Đông,Quận Bình Tân,"Phường Bình Trị Đông, Quận Bình Tân",10.76616,106.61719
Phường Bình Trị Đông A,Quận Bình Tân,"Phường Bình Trị Đông A, Quận Bình Tân",10.76993,106.59154
Phường Bình Trị Đông B,Quận Bình Tân,"Phường Bình Trị Đông B, Quận Bình Tân",10.74546,106.6094
Phường Tân Tạo,Quận Bình Tân,"Phường Tân Tạo, Quận Bình Tân",10.75625,106.59257
Phường Tân Tạo A,Quận Bình Tân,"Phường Tân Tạo A, Quận Bình Tân",10.7491,106.58507
Phường  An Lạc,Quận Bình Tân,"Phường  An Lạc, Quận Bình Tân",10.72476,106.61105
Phường An Lạc A,Quận Bình Tân,"Phường An Lạc A, Quận Bình Tân",10.74406,106.61864
Phường Tân Thuận Đông,Quận 7,"Phường Tân Thuận Đông, Quận 7",10.75934,106.73746
Phường Tân Thuận Tây,Quận 7,"Phường Tân Thuận Tây, Quận 7",10.75329,106.72301
Phường Tân Kiểng,Quận 7,"Phường Tân Kiểng, Quận 7",10.75009,106.70969
Phường Tân Hưng,Quận 7,"Phường Tân Hưng, Quận 7",10.74506,106.69856
Phường Bình Thuận,Quận 7,"Phường Bình Thuận, Quận 7",10.74249,106.71725
Phường Tân Quy,Quận 7,"Phường Tân Quy, Quận 7",10.74257,106.71011
Phường Phú Thuận,Quận 7,"Phường Phú Thuận, Quận 7",10.72986,106.74407
Phường Tân Phú,Quận 7,"Phường Tân Phú, Quận 7",10.72619,106.7246
Phường Tân Phong,Quận 7,"Phường Tân Phong, Quận 7",10.7302,106.70033
Phường Phú Mỹ,Quận 7,"Phường Phú Mỹ, Quận 7",10.70531,106.73848
Thị trấn Củ Chi,Huyện Củ Chi,"Thị trấn Củ Chi, Huyện Củ Chi",10.97419,106.49181
Xã Phú Mỹ Hưng,Huyện Củ Chi,"Xã Phú Mỹ Hưng, Huyện Củ Chi",11.13043,106.47916
Xã An Phú,Huyện Củ Chi,"Xã An Phú, Huyện Củ Chi",11.11356,106.50139
Xã Trung Lập Thượng,Huyện Củ Chi,"Xã Trung Lập Thượng, Huyện Củ Chi",11.06775,106.43912
Xã An Nhơn Tây,Huyện Củ Chi,"Xã An Nhơn Tây, Huyện Củ Chi",11.07437,106.48584
Xã Nhuận Đức,Huyện Củ Chi,"Xã Nhuận Đức, Huyện Củ Chi",11.04235,106.48395
Xã Phạm Văn Cội,Huyện Củ Chi,"Xã Phạm Văn Cội, Huyện Củ Chi",11.03889,106.53591
Xã Phú Hòa Đông,Huyện Củ Chi,"Xã Phú Hòa Đông, Huyện Củ Chi",11.02474,106.56309
Xã Trung Lập Hạ,Huyện Củ Chi,"Xã Trung Lập Hạ, Huyện Củ Chi",11.02484,106.46944
Xã Trung An,Huyện Củ Chi,"Xã Trung An, Huyện Củ Chi",11.01148,106.59798
Xã Phước Thạnh,Huyện Củ Chi,"Xã Phước Thạnh, Huyện Củ Chi",11.02507,106.42831
Xã Phước Hiệp,Huyện Củ Chi,"Xã Phước Hiệp, Huyện Củ Chi",10.98083,106.44678
Xã Tân An Hội,Huyện Củ Chi,"Xã Tân An Hội, Huyện Củ Chi",10.95915,106.47613
Xã Phước Vĩnh An,Huyện Củ Chi,"Xã Phước Vĩnh An, Huyện Củ Chi",10.98386,106.52219
Xã Thái Mỹ,Huyện Củ Chi,"Xã Thái Mỹ, Huyện Củ Chi",10.98808,106.39391
Xã Tân Thạnh Tây,Huyện Củ Chi,"Xã Tân Thạnh Tây, Huyện Củ Chi",10.98491,106.55937
Xã Hòa Phú,Huyện Củ Chi,"Xã Hòa Phú, Huyện Củ Chi",10.97946,106.61131
Xã Tân Thạnh Đông,Huyện Củ Chi,"Xã Tân Thạnh Đông, Huyện Củ Chi",10.9555,106.59687
Xã Bình Mỹ,Huyện Củ Chi,"Xã Bình Mỹ, Huyện Củ Chi",10.95509,106.63038
Xã Tân Phú Trung,Huyện Củ Chi,"Xã Tân Phú Trung, Huyện Củ Chi",10.94745,106.55196
Xã Tân Thông Hội,Huyện Củ Chi,"Xã Tân Thông Hội, Huyện Củ Chi",10.94494,106.51025
Thị trấn Hóc Môn,Huyện Hóc Môn,"Thị trấn Hóc Môn, Huyện Hóc Môn",10.88602,106.59308
Xã Tân Hiệp,Huyện Hóc Môn,"Xã Tân Hiệp, Huyện Hóc Môn",10.91084,106.58782
Xã Nhị Bình,Huyện Hóc Môn,"Xã Nhị Bình, Huyện Hóc Môn",10.91328,106.67031
Xã Đông Thạnh,Huyện Hóc Môn,"Xã Đông Thạnh, Huyện Hóc Môn",10.90453,106.64377
Xã Tân Thới Nhì,Huyện Hóc Môn,"Xã Tân Thới Nhì, Huyện Hóc Môn",10.91736,106.56264
Xã Thới Tam Thôn,Huyện Hóc Môn,"Xã Thới Tam Thôn, Huyện Hóc Môn",10.89222,106.61262
Xã Xuân Thới Sơn,Huyện Hóc Môn,"Xã Xuân Thới Sơn, Huyện Hóc Môn",10.88206,106.5568
Xã Tân Xuân,Huyện Hóc Môn,"Xã Tân Xuân, Huyện Hóc Môn",10.87015,106.59934
Xã Xuân Thới Đông,Huyện Hóc Môn,"Xã Xuân Thới Đông, Huyện Hóc Môn",10.86733,106.58927
Xã Trung Chánh,Huyện Hóc Môn,"Xã Trung Chánh, Huyện Hóc Môn",10.86853,106.60985
Xã Xuân Thới Thượng,Huyện Hóc Môn,"Xã Xuân Thới Thượng, Huyện Hóc Môn",10.85558,106.56355
Xã Bà Điểm,Huyện Hóc Môn,"Xã Bà Điểm, Huyện Hóc Môn",10.84298,106.59598
Thị trấn Tân Túc,Huyện Bình Chánh,"Thị trấn Tân Túc, Huyện Bình Chánh",10.69157,106.57373
Xã Phạm Văn Hai,Huyện Bình Chánh,"Xã Phạm Văn Hai, Huyện Bình Chánh",10.84724,106.52896
Xã Vĩnh Lộc A,Huyện Bình Chánh,"Xã Vĩnh Lộc A, Huyện Bình Chánh",10.82988,106.56608
Xã Vĩnh Lộc B,Huyện Bình Chánh,"Xã Vĩnh Lộc B, Huyện Bình Chánh",10.79037,106.5627
Xã Bình Lợi,Huyện Bình Chánh,"Xã Bình Lợi, Huyện Bình Chánh",10.78209,106.51163
Xã Lê Minh Xuân,Huyện Bình Chánh,"Xã Lê Minh Xuân, Huyện Bình Chánh",10.76482,106.52429
Xã Tân Nhựt,Huyện Bình Chánh,"Xã Tân Nhựt, Huyện Bình Chánh",10.71232,106.55256
Xã Tân Kiên,Huyện Bình Chánh,"Xã Tân Kiên, Huyện Bình Chánh",10.71666,106.58148
Xã Bình Hưng,Huyện Bình Chánh,"Xã Bình Hưng, Huyện Bình Chánh",10.72625,106.66815
Xã Phong Phú,Huyện Bình Chánh,"Xã Phong Phú, Huyện Bình Chánh",10.70131,106.63686
Xã An Phú Tây,Huyện Bình Chánh,"Xã An Phú Tây, Huyện Bình Chánh",10.68742,106.59391
Xã Hưng Long,Huyện Bình Chánh,"Xã Hưng Long, Huyện Bình Chánh",10.65833,106.60798
Xã Đa Phước,Huyện Bình Chánh,"Xã Đa Phước, Huyện Bình Chánh",10.66741,106.65313
Xã Tân Quý Tây,Huyện Bình Chánh,"Xã Tân Quý Tây, Huyện Bình Chánh",10.66741,106.59757
Xã Bình Chánh,Huyện Bình Chánh,"Xã Bình Chánh, Huyện Bình Chánh",10.6605,106.58224
Xã Quy Đức,Huyện Bình Chánh,"Xã Quy Đức, Huyện Bình Chánh",10.64279,106.63806
Thị trấn Nhà Bè,Huyện Nhà Bè,"Thị trấn Nhà Bè, Huyện Nhà Bè",10.69307,106.74165
Xã Phước Kiển,Huyện Nhà Bè,"Xã Phước Kiển, Huyện Nhà Bè",10.70558,106.70701
Xã Phước Lộc,Huyện Nhà Bè,"Xã Phước Lộc, Huyện Nhà Bè",10.70282,106.68735
Xã Nhơn Đức,Huyện Nhà Bè,"Xã Nhơn Đức, Huyện Nhà Bè",10.67367,106.69959
Xã Phú Xuân,Huyện Nhà Bè,"Xã Phú Xuân, Huyện Nhà Bè",10.67857,106.74947
Xã Long Thới,Huyện Nhà Bè,"Xã Long Thới, Huyện Nhà Bè",10.65179,106.72544
Xã Hiệp Phước,Huyện Nhà Bè,"Xã Hiệp Phước, Huyện Nhà Bè",10.60454,106.75734
Thị trấn Cần Thạnh,Huyện Cần Giờ,"Thị trấn Cần Thạnh, Huyện Cần Giờ",10.41461,106.96089
Xã Bình Khánh,Huyện Cần Giờ,"Xã Bình Khánh, Huyện Cần Giờ",10.64709,106.78568
Xã Tam Thôn Hiệp,Huyện Cần Giờ,"Xã Tam Thôn Hiệp, Huyện Cần Giờ",10.59591,106.85677
Xã An Thới Đông,Huyện Cần Giờ,"Xã An Thới Đông, Huyện Cần Giờ",10.54799,106.83315
Xã Thạnh An,Huyện Cần Giờ,"Xã Thạnh An, Huyện Cần Giờ",10.47086,106.97479
Xã Long Hòa,Huyện Cần Giờ,"Xã Long Hòa, Huyện Cần Giờ",10.49588,106.86906
Xã Lý Nhơn,Huyện Cần Giờ,"Xã Lý Nhơn, Huyện Cần Giờ",10.51632,106.77028
